Configuration,Term,J,g,Prefix,Level (eV),Suffix,Uncertainty (eV),Lande,Reference
"3s2.3p6","1S","0",1,,"0,00000000",,,,"L2131"
"3s2.3p5.(2P*<3/2>).4s","2[3/2]*","2",5,,"11,54835442",,,"1,506",
"3s2.3p5.(2P*<3/2>).4s","2[3/2]*","1",3,,"11,62359272",,,"1,404",
"3s2.3p5.(2P*<1/2>).4s","2[1/2]*","0",1,,"11,72316039",,,,
"3s2.3p5.(2P*<1/2>).4s","2[1/2]*","1",3,,"11,82807116",,,"1,102",
"3s2.3p5.(2P*<3/2>).4p","2[1/2]","1",3,,"12,90701530",,,"1,985",
"3s2.3p5.(2P*<3/2>).4p","2[1/2]","0",1,,"13,27303810",,,,
"3s2.3p5.(2P*<3/2>).4p","2[5/2]","3",7,,"13,07571571",,,"1,338",
"3s2.3p5.(2P*<3/2>).4p","2[5/2]","2",5,,"13,09487256",,,"1,112",
"3s2.3p5.(2P*<3/2>).4p","2[3/2]","1",3,,"13,15314387",,,"0,838",
"3s2.3p5.(2P*<3/2>).4p","2[3/2]","2",5,,"13,17177770",,,"1,305",
"3s2.3p5.(2P*<1/2>).4p","2[3/2]","1",3,,"13,28263902",,,"0,819",
"3s2.3p5.(2P*<1/2>).4p","2[3/2]","2",5,,"13,30222747",,,"1,260",
"3s2.3p5.(2P*<1/2>).4p","2[1/2]","1",3,,"13,32785705",,,"1,380",
"3s2.3p5.(2P*<1/2>).4p","2[1/2]","0",1,,"13,47988682",,,,
"3s2.3p5.(2P*<3/2>).3d","2[1/2]*","0",1,,"13,8450385",,,,
"3s2.3p5.(2P*<3/2>).3d","2[1/2]*","1",3,,"13,8636686",,,,
"3s2.3p5.(2P*<3/2>).3d","2[3/2]*","2",5,,"13,9034546",,,,
"3s2.3p5.(2P*<3/2>).3d","2[3/2]*","1",3,,"14,1525151",,,,
"3s2.3p5.(2P*<3/2>).3d","2[7/2]*","4",9,,"13,9792373",,,,
"3s2.3p5.(2P*<3/2>).3d","2[7/2]*","3",7,,"14,0127381",,,,
"3s2.3p5.(2P*<3/2>).3d","2[5/2]*","2",5,,"14,0630272",,,,
"3s2.3p5.(2P*<3/2>).3d","2[5/2]*","3",7,,"14,0990559",,,,
"3s2.3p5.(2P*<3/2>).5s","2[3/2]*","2",5,,"14,0682977",,,,
"3s2.3p5.(2P*<3/2>).5s","2[3/2]*","1",3,,"14,0899685",,,,
"3s2.3p5.(2P*<1/2>).3d","2[5/2]*","2",5,,"14,2136715",,,,
"3s2.3p5.(2P*<1/2>).3d","2[5/2]*","3",7,,"14,2361061",,,,
"3s2.3p5.(2P*<1/2>).3d","2[3/2]*","2",5,,"14,2340226",,,,
"3s2.3p5.(2P*<1/2>).3d","2[3/2]*","1",3,,"14,3036684",,,,
"3s2.3p5.(2P*<1/2>).5s","2[1/2]*","0",1,,"14,2410277",,,,
"3s2.3p5.(2P*<1/2>).5s","2[1/2]*","1",3,,"14,2550856",,,,
"3s2.3p5.(2P*<3/2>).5p","2[1/2]","1",3,,"14,46399577",,,"1,90",
"3s2.3p5.(2P*<3/2>).5p","2[1/2]","0",1,,"14,57594878",,,,
"3s2.3p5.(2P*<3/2>).5p","2[5/2]","3",7,,"14,49905364",,,,
"3s2.3p5.(2P*<3/2>).5p","2[5/2]","2",5,,"14,50606764",,,"1,09",
"3s2.3p5.(2P*<3/2>).5p","2[3/2]","1",3,,"14,52491330",,,"1,01",
"3s2.3p5.(2P*<3/2>).5p","2[3/2]","2",5,,"14,52891349",,,"1,42",
"3s2.3p5.(2P*<1/2>).5p","2[3/2]","1",3,,"14,68065033",,,"0,61",
"3s2.3p5.(2P*<1/2>).5p","2[3/2]","2",5,,"14,68829030",,,"1,18",
"3s2.3p5.(2P*<1/2>).5p","2[1/2]","1",3,,"14,68711824",,,"1,45",
"3s2.3p5.(2P*<1/2>).5p","2[1/2]","0",1,,"14,73811536",,,,
"3s2.3p5.(2P*<3/2>).4d","2[1/2]*","0",1,,"14,6936397",,,,
"3s2.3p5.(2P*<3/2>).4d","2[1/2]*","1",3,,"14,71089810",,,"1,467",
"3s2.3p5.(2P*<3/2>).4d","2[3/2]*","2",5,,"14,74254085",,,"1,437",
"3s2.3p5.(2P*<3/2>).4d","2[3/2]*","1",3,,"14,859230",,,"0,768",
"3s2.3p5.(2P*<3/2>).4d","2[7/2]*","4",9,,"14,7570516",,,"1,255",
"3s2.3p5.(2P*<3/2>).4d","2[7/2]*","3",7,,"14,780512",,,"1,077",
"3s2.3p5.(2P*<3/2>).4d","2[5/2]*","2",5,,"14,809272",,,"0,908",
"3s2.3p5.(2P*<3/2>).4d","2[5/2]*","3",7,,"14,824298",,,,
"3s2.3p5.(2P*<3/2>).6s","2[3/2]*","2",5,,"14,83881100",,,"1,500",
"3s2.3p5.(2P*<3/2>).6s","2[3/2]*","1",3,,"14,84836899",,,"1,184",
"3s2.3p5.(2P*<3/2>).4f","2[3/2]","1",3,,"14,9014416",,,,
"3s2.3p5.(2P*<3/2>).4f","2[3/2]","2",5,,"14,9014911",,,,
"3s2.3p5.(2P*<3/2>).4f","2[9/2]","5",11,,"14,9037852",,,,
"3s2.3p5.(2P*<3/2>).4f","2[9/2]","4",9,,"14,9037902",,,,
"3s2.3p5.(2P*<3/2>).4f","2[5/2]","3",7,,"14,9065892",,,"1,184",
"3s2.3p5.(2P*<3/2>).4f","2[5/2]","2",5,,"14,9066280",,,,
"3s2.3p5.(2P*<3/2>).4f","2[7/2]","3",7,,"14,9090845",,,,
"3s2.3p5.(2P*<3/2>).4f","2[7/2]","4",9,,"14,9090892",,,,
"3s2.3p5.(2P*<1/2>).4d","2[3/2]*","2",5,,"14,95260474",,,"1,057",
"3s2.3p5.(2P*<1/2>).4d","2[3/2]*","1",3,,"15,00356588",,,,
"3s2.3p5.(2P*<1/2>).4d","2[5/2]*","2",5,,"14,95485204",,,"0,987",
"3s2.3p5.(2P*<1/2>).4d","2[5/2]*","3",7,,"14,97152236",,,"1,133",
"3s2.3p5.(2P*<3/2>).6p","2[1/2]","1",3,,"15,0106102",,,,
"3s2.3p5.(2P*<3/2>).6p","2[1/2]","0",1,,"15,0603901",,,,
"3s2.3p5.(2P*<1/2>).6s","2[1/2]*","0",1,,"15,0140655",,,,
"3s2.3p5.(2P*<1/2>).6s","2[1/2]*","1",3,,"15,02208834",,,"1,271",
"3s2.3p5.(2P*<3/2>).6p","2[5/2]","3",7,,"15,0225909",,,,
"3s2.3p5.(2P*<3/2>).6p","2[5/2]","2",5,,"15,0258688",,,"1,18",
"3s2.3p5.(2P*<3/2>).6p","2[3/2]","1",3,,"15,0339719",,,"1,067",
"3s2.3p5.(2P*<3/2>).6p","2[3/2]","2",5,,"15,0356402",,,,
"3s2.3p5.(2P*<1/2>).4f","2[7/2]","3",7,,"15,0830792",,,,
"3s2.3p5.(2P*<1/2>).4f","2[7/2]","4",9,,"15,0830844",,,,
"3s2.3p5.(2P*<1/2>).4f","2[5/2]","3",7,,"15,0832027",,,,
"3s2.3p5.(2P*<1/2>).4f","2[5/2]","2",5,,"15,0832456",,,,
"3s2.3p5.(2P*<3/2>).5d","2[1/2]*","0",1,,"15,10054371",,,,
"3s2.3p5.(2P*<3/2>).5d","2[1/2]*","1",3,,"15,11774638",,,,
"3s2.3p5.(2P*<3/2>).5d","2[7/2]*","4",9,,"15,13054437",,,,
"3s2.3p5.(2P*<3/2>).5d","2[7/2]*","3",7,,"15,14592830",,,,
"3s2.3p5.(2P*<3/2>).5d","2[3/2]*","2",5,,"15,13684847",,,,
"3s2.3p5.(2P*<3/2>).5d","2[3/2]*","1",3,,"15,1898239",,,,
"3s2.3p5.(2P*<3/2>).5d","2[5/2]*","2",5,,"15,1610486",,,,
"3s2.3p5.(2P*<3/2>).5d","2[5/2]*","3",7,,"15,1669463",,,,
"3s2.3p5.(2P*<3/2>).7s","2[3/2]*","2",5,,"15,18063359",,,,
"3s2.3p5.(2P*<3/2>).7s","2[3/2]*","1",3,,"15,18550800",,,,
"3s2.3p5.(2P*<1/2>).6p","2[1/2]","1",3,,"15,2006146",,,,
"3s2.3p5.(2P*<1/2>).6p","2[1/2]","0",1,,"15,2240875",,,,
"3s2.3p5.(2P*<1/2>).6p","2[3/2]","1",3,,"15,2016576",,,,
"3s2.3p5.(2P*<1/2>).6p","2[3/2]","2",5,,"15,2048089",,,,
"3s2.3p5.(2P*<3/2>).5f","2[3/2]","1",3,,"15,2111334",,,,
"3s2.3p5.(2P*<3/2>).5f","2[3/2]","2",5,,"15,2111762",,,,
"3s2.3p5.(2P*<3/2>).5f","2[9/2]","5",11,,"15,2123201",,,,
"3s2.3p5.(2P*<3/2>).5f","2[9/2]","4",9,,"15,2123276",,,,
"3s2.3p5.(2P*<3/2>).5f","2[5/2]","3",7,,"15,2138409",,,,
"3s2.3p5.(2P*<3/2>).5f","2[5/2]","2",5,,"15,2138686",,,,
"3s2.3p5.(2P*<3/2>).5g","2[5/2]*","2",5,,"15,214033",,,,
"3s2.3p5.(2P*<3/2>).5g","2[5/2]*","3",7,,"15,214033",,,,
"3s2.3p5.(2P*<3/2>).5g","2[11/2]*","5",11,,"15,214453",,,,
"3s2.3p5.(2P*<3/2>).5g","2[11/2]*","6",13,,"15,214453",,,,
"3s2.3p5.(2P*<3/2>).5f","2[7/2]","3",7,,"15,2150709",,,,
"3s2.3p5.(2P*<3/2>).5f","2[7/2]","4",9,,"15,2150746",,,,
"3s2.3p5.(2P*<3/2>).5g","2[7/2]*","3",7,,"15,215275",,,,
"3s2.3p5.(2P*<3/2>).5g","2[7/2]*","4",9,,"15,215275",,,,
"3s2.3p5.(2P*<3/2>).5g","2[9/2]*","4",9,,"15,215712",,,,
"3s2.3p5.(2P*<3/2>).5g","2[9/2]*","5",11,,"15,215712",,,,
"3s2.3p5.(2P*<3/2>).7p","2[1/2]","1",3,,"15,2713718",,,,
"3s2.3p5.(2P*<3/2>).7p","2[1/2]","0",1,,"15,2977958",,,,
"3s2.3p5.(2P*<3/2>).7p","2[5/2]","3",7,,"15,2755699",,,,
"3s2.3p5.(2P*<3/2>).7p","2[5/2]","2",5,,"15,277418",,,,
"3s2.3p5.(2P*<3/2>).7p","2[3/2]","1",3,,"15,281661",,,,
"3s2.3p5.(2P*<3/2>).7p","2[3/2]","2",5,,"15,2824814",,,,
"3s2.3p5.(2P*<1/2>).5d","2[3/2]*","2",5,,"15,29629325",,,,
"3s2.3p5.(2P*<1/2>).5d","2[3/2]*","1",3,,"15,351173",,,,
"3s2.3p5.(2P*<3/2>).6d","2[1/2]*","1",3,,"15,30807770",,,,
"3s2.3p5.(2P*<3/2>).6d","2[1/2]*","0",1,,"15,3131553",,,,
"3s2.3p5.(2P*<1/2>).5d","2[5/2]*","2",5,,"15,31272913",,,,
"3s2.3p5.(2P*<1/2>).5d","2[5/2]*","3",7,,"15,31916801",,,,
"3s2.3p5.(2P*<3/2>).6d","2[7/2]*","4",9,,"15,3310400",,,,
"3s2.3p5.(2P*<3/2>).6d","2[7/2]*","3",7,,"15,34600299",,,,
"3s2.3p5.(2P*<3/2>).6d","2[3/2]*","2",5,,"15,3502992",,,,
"3s2.3p5.(2P*<3/2>).6d","2[3/2]*","1",3,,"15,373670",,,,
"3s2.3p5.(2P*<3/2>).6d","2[5/2]*","2",5,,"15,3525603",,,,
"3s2.3p5.(2P*<3/2>).6d","2[5/2]*","3",7,,"15,3532632",,,,
"3s2.3p5.(2P*<1/2>).7s","2[1/2]*","0",1,,"15,3582946",,,,
"3s2.3p5.(2P*<1/2>).7s","2[1/2]*","1",3,,"15,3594356",,,,
"3s2.3p5.(2P*<3/2>).8s","2[3/2]*","2",5,,"15,3620414",,,,
"3s2.3p5.(2P*<3/2>).8s","2[3/2]*","1",3,,"15,3660895",,,,
"3s2.3p5.(2P*<3/2>).6f","2[3/2]","1",3,,"15,3791364",,,,
"3s2.3p5.(2P*<3/2>).6f","2[3/2]","2",5,,"15,379156",,,,
"3s2.3p5.(2P*<3/2>).6f","2[9/2]","5",11,,"15,3798185",,,,
"3s2.3p5.(2P*<3/2>).6f","2[9/2]","4",9,,"15,3798220",,,,
"3s2.3p5.(2P*<3/2>).6f","2[5/2]","3",7,,"15,3804103",,,,
"3s2.3p5.(2P*<3/2>).6f","2[5/2]","2",5,,"15,3804419",,,,
"3s2.3p5.(2P*<3/2>).6g","2[5/2]*","2",5,,"15,380867",,,,
"3s2.3p5.(2P*<3/2>).6g","2[5/2]*","3",7,,"15,380867",,,,
"3s2.3p5.(2P*<3/2>).6g","2[11/2]*","5",11,,"15,381105",,,,
"3s2.3p5.(2P*<3/2>).6g","2[11/2]*","6",13,,"15,381105",,,,
"3s2.3p5.(2P*<3/2>).6f","2[7/2]","3",7,,"15,3812605",,,,
"3s2.3p5.(2P*<3/2>).6f","2[7/2]","4",9,,"15,3812616",,,,
"3s2.3p5.(2P*<3/2>).6g","2[7/2]*","3",7,,"15,381548",,,,
"3s2.3p5.(2P*<3/2>).6g","2[7/2]*","4",9,,"15,381548",,,,
"3s2.3p5.(2P*<3/2>).6g","2[9/2]*","4",9,,"15,38180",,,,
"3s2.3p5.(2P*<3/2>).6g","2[9/2]*","5",11,,"15,38180",,,,
"3s2.3p5.(2P*<1/2>).5f","2[7/2]","3",7,,"15,3908614",,,,
"3s2.3p5.(2P*<1/2>).5f","2[7/2]","4",9,,"15,3908650",,,,
"3s2.3p5.(2P*<1/2>).5f","2[5/2]","3",7,,"15,3910530",,,,
"3s2.3p5.(2P*<1/2>).5f","2[5/2]","2",5,,"15,3910805",,,,
"3s2.3p5.(2P*<1/2>).5g","2[9/2]*","4",9,,"15,392423",,,,
"3s2.3p5.(2P*<1/2>).5g","2[9/2]*","5",11,,"15,392423",,,,
"3s2.3p5.(2P*<1/2>).5g","2[7/2]*","3",7,,"15,392452",,,,
"3s2.3p5.(2P*<1/2>).5g","2[7/2]*","4",9,,"15,392452",,,,
"3s2.3p5.(2P*<3/2>).8p","2[1/2]","1",3,,"15,412684",,,,
"3s2.3p5.(2P*<3/2>).8p","2[1/2]","0",1,,"15,428512",,,,
"3s2.3p5.(2P*<3/2>).8p","2[5/2]","3",7,,"15,417314",,,,
"3s2.3p5.(2P*<3/2>).8p","2[5/2]","2",5,,"15,418289",,,,
"3s2.3p5.(2P*<3/2>).8p","2[3/2]","1",3,,"15,420697",,,,
"3s2.3p5.(2P*<3/2>).8p","2[3/2]","2",5,,"15,421298",,,,
"3s2.3p5.(2P*<3/2>).7d","2[1/2]*","0",1,,"15,4393425",,,,
"3s2.3p5.(2P*<3/2>).7d","2[1/2]*","1",3,,"15,4428362",,,,
"3s2.3p5.(2P*<3/2>).7d","2[3/2]*","2",5,,"15,4489134",,,,
"3s2.3p5.(2P*<3/2>).7d","2[3/2]*","1",3,,"15,471767",,,,
"3s2.3p5.(2P*<3/2>).7d","2[7/2]*","4",9,,"15,4496531",,,,
"3s2.3p5.(2P*<3/2>).7d","2[7/2]*","3",7,,"15,4545665",,,,
"3s2.3p5.(2P*<1/2>).7p","2[3/2]","1",3,,"15,453818",,,,
"3s2.3p5.(2P*<1/2>).7p","2[3/2]","2",5,,"15,455677",,,,
"3s2.3p5.(2P*<1/2>).7p","2[1/2]","1",3,,"15,454748",,,,
"3s2.3p5.(2P*<1/2>).7p","2[1/2]","0",1,,"15,4670046",,,,
"3s2.3p5.(2P*<3/2>).7d","2[5/2]*","2",5,,"15,4598316",,,,
"3s2.3p5.(2P*<3/2>).7d","2[5/2]*","3",7,,"15,4626994",,,,
"3s2.3p5.(2P*<3/2>).9s","2[3/2]*","2",5,,"15,469706",,,,
"3s2.3p5.(2P*<3/2>).9s","2[3/2]*","1",3,,"15,471072",,,,
"3s2.3p5.(2P*<3/2>).7f","2[3/2]","1",3,,"15,4803122",,,,
"3s2.3p5.(2P*<3/2>).7f","2[3/2]","2",5,,"15,480336",,,,
"3s2.3p5.(2P*<3/2>).7f","2[9/2]","5",11,,"15,4807417",,,,
"3s2.3p5.(2P*<3/2>).7f","2[9/2]","4",9,,"15,4807433",,,,
"3s2.3p5.(2P*<3/2>).7f","2[5/2]","3",7,,"15,4812841",,,,
"3s2.3p5.(2P*<3/2>).7f","2[5/2]","2",5,,"15,481298",,,,
"3s2.3p5.(2P*<3/2>).7g","2[11/2]*","5",11,,"15,481568",,,,
"3s2.3p5.(2P*<3/2>).7g","2[11/2]*","6",13,,"15,481568",,,,
"3s2.3p5.(2P*<3/2>).7h","2[7/2]","3",7,,"15,481715",,,,
"3s2.3p5.(2P*<3/2>).7h","2[7/2]","4",9,,"15,481715",,,,
"3s2.3p5.(2P*<3/2>).7f","2[7/2]","3",7,,"15,481736",,,,
"3s2.3p5.(2P*<3/2>).7f","2[7/2]","4",9,,"15,481743",,,,
"3s2.3p5.(2P*<3/2>).7h","2[13/2]","6",13,,"15,481779",,,,
"3s2.3p5.(2P*<3/2>).7h","2[13/2]","7",15,,"15,481779",,,,
"3s2.3p5.(2P*<3/2>).9p","2[1/2]","1",3,,"15,502923",,,,
"3s2.3p5.(2P*<3/2>).9p","2[1/2]","0",1,,"15,513213",,,,
"3s2.3p5.(2P*<3/2>).9p","2[5/2]","3",7,,"15,504736",,,,
"3s2.3p5.(2P*<3/2>).9p","2[5/2]","2",5,,"15,505434",,,,
"3s2.3p5.(2P*<1/2>).6d","2[3/2]*","2",5,,"15,5062613",,,,
"3s2.3p5.(2P*<1/2>).6d","2[3/2]*","1",3,,"15,533517",,,,
"3s2.3p5.(2P*<3/2>).9p","2[3/2]","1",3,,"15,507030",,,,
"3s2.3p5.(2P*<3/2>).9p","2[3/2]","2",5,,"15,507341",,,,
"3s2.3p5.(2P*<1/2>).6d","2[5/2]*","2",5,,"15,5120816",,,,
"3s2.3p5.(2P*<1/2>).6d","2[5/2]*","3",7,,"15,5166146",,,,
"3s2.3p5.(2P*<3/2>).8d","2[1/2]*","1",3,,"15,5148657",,,,
"3s2.3p5.(2P*<3/2>).8d","2[1/2]*","0",1,,"15,518227",,,,
"3s2.3p5.(2P*<3/2>).8d","2[7/2]*","4",9,,"15,5252750",,,,
"3s2.3p5.(2P*<3/2>).8d","2[7/2]*","3",7,,"15,531429",,,,
"3s2.3p5.(2P*<3/2>).8d","2[3/2]*","2",5,,"15,533100",,,,
"3s2.3p5.(2P*<3/2>).8d","2[3/2]*","1",3,,"15,58939",,,,
"3s2.3p5.(2P*<3/2>).8d","2[5/2]*","2",5,,"15,534133",,,,
"3s2.3p5.(2P*<3/2>).8d","2[5/2]*","3",7,,"15,534435",,,,
"3s2.3p5.(2P*<3/2>).10s","2[3/2]*","2",5,,"15,538932",,,,
"3s2.3p5.(2P*<3/2>).10s","2[3/2]*","1",3,,"15,539168",,,,
"3s2.3p5.(2P*<1/2>).8s","2[1/2]*","0",1,,"15,539521",,,,
"3s2.3p5.(2P*<1/2>).8s","2[1/2]*","1",3,,"15,541820",,,,
"3s2.3p5.(2P*<3/2>).8f","2[3/2]","1",3,,"15,54592",,,,
"3s2.3p5.(2P*<3/2>).8f","2[3/2]","2",5,,"15,545925",,,,
"3s2.3p5.(2P*<3/2>).8f","2[9/2]","4",9,,"15,5461",,,,
"3s2.3p5.(2P*<3/2>).8f","2[9/2]","5",11,,"15,546201",,,,
"3s2.3p5.(2P*<3/2>).8f","2[5/2]","3",7,,"15,546505",,,,
"3s2.3p5.(2P*<3/2>).8f","2[5/2]","2",5,,"15,546515",,,,
"3s2.3p5.(2P*<3/2>).8f","2[7/2]","4",9,,"15,546836",,,,
"3s2.3p5.(2P*<3/2>).8f","2[7/2]","3",7,,"15,546837",,,,
"3s2.3p5.(2P*<1/2>).6f","2[7/2]","3",7,,"15,5578647",,,,
"3s2.3p5.(2P*<1/2>).6f","2[7/2]","4",9,,"15,557869",,,,
"3s2.3p5.(2P*<1/2>).6f","2[5/2]","3",7,,"15,5579271",,,,
"3s2.3p5.(2P*<1/2>).6f","2[5/2]","2",5,,"15,5579541",,,,
"3s2.3p5.(2P*<1/2>).6g","2[9/2]*","4",9,,"15,558869",,,,
"3s2.3p5.(2P*<1/2>).6g","2[9/2]*","5",11,,"15,558869",,,,
"3s2.3p5.(2P*<1/2>).6g","2[7/2]*","3",7,,"15,558880",,,,
"3s2.3p5.(2P*<1/2>).6g","2[7/2]*","4",9,,"15,558880",,,,
"3s2.3p5.(2P*<3/2>).10p","2[1/2]","1",3,,"15,560694",,,,
"3s2.3p5.(2P*<3/2>).10p","2[1/2]","0",1,,"15,56768",,,,
"3s2.3p5.(2P*<3/2>).10p","2[5/2]","3",7,,"15,56247",,,,
"3s2.3p5.(2P*<3/2>).10p","2[5/2]","2",5,,"15,56289",,,,
"3s2.3p5.(2P*<3/2>).10p","2[3/2]","1",3,,"15,56393",,,,
"3s2.3p5.(2P*<3/2>).10p","2[3/2]","2",5,,"15,564211",,,,
"3s2.3p5.(2P*<3/2>).9d","2[1/2]*","0",1,,"15,571807",,,,
"3s2.3p5.(2P*<3/2>).9d","2[1/2]*","1",3,,"15,574036",,,,
"3s2.3p5.(2P*<3/2>).9d","2[7/2]*","4",9,,"15,576338",,,,
"3s2.3p5.(2P*<3/2>).9d","2[7/2]*","3",7,,"15,578861",,,,
"3s2.3p5.(2P*<3/2>).9d","2[3/2]*","2",5,,"15,577111",,,,
"3s2.3p5.(2P*<3/2>).9d","2[3/2]*","1",3,,"15,587059",,,,
"3s2.3p5.(2P*<3/2>).9d","2[5/2]*","2",5,,"15,581278",,,,
"3s2.3p5.(2P*<3/2>).9d","2[5/2]*","3",7,,"15,582381",,,,
"3s2.3p5.(2P*<3/2>).11s","2[3/2]*","2",5,,"15,585975",,,,
"3s2.3p5.(2P*<3/2>).11s","2[3/2]*","1",3,,"15,586724",,,,
"3s2.3p5.(2P*<3/2>).9f","2[3/2]","1",3,,"15,590858",,,,
"3s2.3p5.(2P*<3/2>).9f","2[3/2]","2",5,,"15,590858",,,,
"3s2.3p5.(2P*<3/2>).9f","2[9/2]","4",9,,"15,591055",,,,
"3s2.3p5.(2P*<3/2>).9f","2[9/2]","5",11,,"15,591055",,,,
"3s2.3p5.(2P*<3/2>).9f","2[5/2]","2",5,,"15,59134",,,,
"3s2.3p5.(2P*<3/2>).9f","2[5/2]","3",7,,"15,59134",,,,
"3s2.3p5.(2P*<3/2>).9f","2[7/2]","3",7,,"15,591527",,,,
"3s2.3p5.(2P*<3/2>).9f","2[7/2]","4",9,,"15,591527",,,,
"3s2.3p5.(2P*<1/2>).8p","2[1/2]","1",3,,"15,594400",,,,
"3s2.3p5.(2P*<1/2>).8p","2[1/2]","0",1,,"15,601121",,,,
"3s2.3p5.(2P*<1/2>).8p","2[3/2]","1",3,,"15,595192",,,,
"3s2.3p5.(2P*<1/2>).8p","2[3/2]","2",5,,"15,596214",,,,
"3s2.3p5.(2P*<3/2>).11p","2[1/2]","1",3,,"15,60270",,,,
"3s2.3p5.(2P*<3/2>).11p","2[1/2]","0",1,,"15,60822",,,,
"3s2.3p5.(2P*<3/2>).11p","2[5/2]","2",5,,"15,60298",,,,
"3s2.3p5.(2P*<3/2>).11p","2[3/2]","1",3,,"15,60382",,,,
"3s2.3p5.(2P*<3/2>).11p","2[3/2]","2",5,,"15,603879",,,,
"3s2.3p5.(2P*<3/2>).10d","2[1/2]*","0",1,,"15,609082",,,,
"3s2.3p5.(2P*<3/2>).10d","2[1/2]*","1",3,,"15,609435",,,,
"3s2.3p5.(2P*<3/2>).10d","2[3/2]*","2",5,,"15,610410",,,,
"3s2.3p5.(2P*<3/2>).10d","2[3/2]*","1",3,,"15,61945",,,,
"3s2.3p5.(2P*<3/2>).10d","2[7/2]*","4",9,,"15,612397",,,,
"3s2.3p5.(2P*<3/2>).10d","2[7/2]*","3",7,,"15,613644",,,,
"3s2.3p5.(2P*<3/2>).10d","2[5/2]*","2",5,,"15,615273",,,,
"3s2.3p5.(2P*<3/2>).10d","2[5/2]*","3",7,,"15,616707",,,,
"3s2.3p5.(2P*<3/2>).12s","2[3/2]*","2",5,,"15,619450",,,,
"3s2.3p5.(2P*<3/2>).12s","2[3/2]*","1",3,,"15,620065",,,,
"3s2.3p5.(2P*<3/2>).10f","2[3/2]","1",3,,"15,62305",,,,
"3s2.3p5.(2P*<3/2>).10f","2[3/2]","2",5,,"15,62305",,,,
"3s2.3p5.(2P*<3/2>).10f","2[5/2]","2",5,,"15,62329",,,,
"3s2.3p5.(2P*<3/2>).10f","2[5/2]","3",7,,"15,62329",,,,
"3s2.3p5.(2P*<1/2>).7d","2[3/2]*","2",5,,"15,628593",,,,
"3s2.3p5.(2P*<1/2>).7d","2[3/2]*","1",3,,"15,64208",,,,
"3s2.3p5.(2P*<1/2>).7d","2[5/2]*","2",5,,"15,629999",,,,
"3s2.3p5.(2P*<1/2>).7d","2[5/2]*","3",7,,"15,633111",,,,
"3s2.3p5.(2P*<3/2>).12p","2[1/2]","1",3,,"15,631010",,,,
"3s2.3p5.(2P*<3/2>).12p","2[1/2]","0",1,,"15,634608",,,,
"3s2.3p5.(2P*<3/2>).12p","2[5/2]","2",5,,"15,63185",,,,
"3s2.3p5.(2P*<3/2>).12p","2[3/2]","2",5,,"15,63256",,,,
"3s2.3p5.(2P*<3/2>).11d","2[1/2]*","1",3,,"15,634328",,,,
"3s2.3p5.(2P*<3/2>).11d","2[1/2]*","0",1,,"15,636218",,,,
"3s2.3p5.(2P*<3/2>).11d","2[7/2]*","4",9,,"15,638792",,,,
"3s2.3p5.(2P*<3/2>).11d","2[7/2]*","3",7,,"15,641168",,,,
"3s2.3p5.(2P*<3/2>).11d","2[3/2]*","2",5,,"15,641868",,,,
"3s2.3p5.(2P*<3/2>).11d","2[3/2]*","1",3,,"15,64731",,,,
"3s2.3p5.(2P*<3/2>).11d","2[5/2]*","2",5,,"15,642147",,,,
"3s2.3p5.(2P*<3/2>).11d","2[5/2]*","3",7,,"15,642246",,,,
"3s2.3p5.(2P*<3/2>).13s","2[3/2]*","2",5,,"15,644102",,,,
"3s2.3p5.(2P*<3/2>).13s","2[3/2]*","1",3,,"15,64447",,,,
"3s2.3p5.(2P*<1/2>).9s","2[1/2]*","0",1,,"15,647151",,,,
"3s2.3p5.(2P*<1/2>).9s","2[1/2]*","1",3,,"15,648234",,,,
"3s2.3p5.(2P*<3/2>).11f","2[3/2]","1",3,"[","15,64823","]",,,
"3s2.3p5.(2P*<3/2>).11f","2[3/2]","2",5,"[","15,64823","]",,,
"3s2.3p5.(2P*<3/2>).11f","2[5/2]","2",5,"[","15,64823","]",,,
"3s2.3p5.(2P*<3/2>).11f","2[5/2]","3",7,"[","15,64823","]",,,
"3s2.3p5.(2P*<3/2>).13p","2[5/2]","2",5,,"15,65341",,,,
"3s2.3p5.(2P*<3/2>).13p","2[3/2]","2",5,,"15,65392",,,,
"3s2.3p5.(2P*<3/2>).13p","2[1/2]","0",1,,"15,65550",,,,
"3s2.3p5.(2P*<3/2>).12d","2[1/2]*","0",1,,"15,656894",,,,
"3s2.3p5.(2P*<3/2>).12d","2[1/2]*","1",3,,"15,658293",,,,
"3s2.3p5.(2P*<1/2>).7f","2[7/2]","3",7,,"15,658563",,,,
"3s2.3p5.(2P*<1/2>).7f","2[7/2]","4",9,,"15,658565",,,,
"3s2.3p5.(2P*<1/2>).7f","2[5/2]","3",7,,"15,658581",,,,
"3s2.3p5.(2P*<1/2>).7f","2[5/2]","2",5,,"15,6586",,,,
"3s2.3p5.(2P*<3/2>).12d","2[7/2]*","4",9,,"15,658675",,,,
"3s2.3p5.(2P*<3/2>).12d","2[7/2]*","3",7,,"15,659853",,,,
"3s2.3p5.(2P*<1/2>).7h","2[11/2]","5",11,,"15,659364",,,,
"3s2.3p5.(2P*<1/2>).7h","2[11/2]","6",13,,"15,659364",,,,
"3s2.3p5.(2P*<1/2>).7h","2[9/2]","4",9,,"15,659394",,,,
"3s2.3p5.(2P*<1/2>).7h","2[9/2]","5",11,,"15,659394",,,,
"3s2.3p5.(2P*<3/2>).12d","2[3/2]*","2",5,,"15,659522",,,,
"3s2.3p5.(2P*<3/2>).12d","2[3/2]*","1",3,,"15,66344",,,,
"3s2.3p5.(2P*<3/2>).12d","2[5/2]*","2",5,,"15,660823",,,,
"3s2.3p5.(2P*<3/2>).12d","2[5/2]*","3",7,,"15,661188",,,,
"3s2.3p5.(2P*<3/2>).14s","2[3/2]*","2",5,,"15,662768",,,,
"3s2.3p5.(2P*<3/2>).14s","2[3/2]*","1",3,,"15,66317",,,,
"3s2.3p5.(2P*<3/2>).12f","2[3/2]","1",3,,"15,66482",,,,
"3s2.3p5.(2P*<3/2>).12f","2[3/2]","2",5,,"15,66482",,,,
"3s2.3p5.(2P*<3/2>).12f","2[5/2]","2",5,,"15,66490",,,,
"3s2.3p5.(2P*<3/2>).12f","2[5/2]","3",7,,"15,66490",,,,
"3s2.3p5.(2P*<3/2>).14p","2[5/2]","2",5,,"15,66995",,,,
"3s2.3p5.(2P*<3/2>).14p","2[3/2]","2",5,,"15,67036",,,,
"3s2.3p5.(2P*<3/2>).13d","2[1/2]*","1",3,,"15,673207",,,,
"3s2.3p5.(2P*<3/2>).13d","2[7/2]*","4",9,,"15,674054",,,,
"3s2.3p5.(2P*<3/2>).13d","2[7/2]*","3",7,,"15,674828",,,,
"3s2.3p5.(2P*<3/2>).13d","2[3/2]*","2",5,,"15,674169",,,,
"3s2.3p5.(2P*<3/2>).13d","2[3/2]*","1",3,,"15,67754",,,,
"3s2.3p5.(2P*<3/2>).13d","2[5/2]*","2",5,,"15,675583",,,,
"3s2.3p5.(2P*<3/2>).13d","2[5/2]*","3",7,,"15,675992",,,,
"3s2.3p5.(2P*<3/2>).15s","2[3/2]*","1",3,,"15,67754",,,,
"3s2.3p5.(2P*<3/2>).13f","2[3/2]","1",3,,"15,67889",,,,
"3s2.3p5.(2P*<3/2>).13f","2[3/2]","2",5,,"15,67889",,,,
"3s2.3p5.(2P*<3/2>).13f","2[5/2]","2",5,,"15,67895",,,,
"3s2.3p5.(2P*<3/2>).13f","2[5/2]","3",7,,"15,67895",,,,
"3s2.3p5.(2P*<3/2>).15p","2[5/2]","2",5,,"15,68311",,,,
"3s2.3p5.(2P*<3/2>).15p","2[3/2]","2",5,,"15,68358",,,,
"3s2.3p5.(2P*<3/2>).14d","2[1/2]*","0",1,,"15,684998",,,,
"3s2.3p5.(2P*<3/2>).14d","2[1/2]*","1",3,,"15,685198",,,,
"3s2.3p5.(2P*<3/2>).14d","2[3/2]*","2",5,,"15,685820",,,,
"3s2.3p5.(2P*<3/2>).14d","2[3/2]*","1",3,,"15,68884",,,,
"3s2.3p5.(2P*<3/2>).14d","2[7/2]*","4",9,,"15,686152",,,,
"3s2.3p5.(2P*<3/2>).14d","2[7/2]*","3",7,,"15,686933",,,,
"3s2.3p5.(2P*<1/2>).9p","2[1/2]","0",1,,"15,687000",,,,
"3s2.3p5.(2P*<3/2>).14d","2[5/2]*","3",7,,"15,68773",,,,
"3s2.3p5.(2P*<3/2>).16s","2[3/2]*","1",3,,"15,68891",,,,
"3s2.3p5.(2P*<3/2>).14f","2[3/2]","2",5,,"15,69003",,,,
"3s2.3p5.(2P*<3/2>).14f","2[5/2]","2",5,,"15,69008",,,,
"3s2.3p5.(2P*<3/2>).16p","2[5/2]","2",5,,"15,69329",,,,
"3s2.3p5.(2P*<3/2>).15d","2[1/2]*","1",3,,"15,69495",,,,
"3s2.3p5.(2P*<3/2>).15d","2[3/2]*","1",3,,"15,69792",,,,
"3s2.3p5.(2P*<3/2>).17s","2[3/2]*","1",3,,"15,69812",,,,
"3s2.3p5.(2P*<3/2>).15f","2[3/2]","2",5,,"15,69905",,,,
"3s2.3p5.(2P*<3/2>).15f","2[5/2]","2",5,,"15,69905",,,,
"3s2.3p5.(2P*<3/2>).17p","2[5/2]","2",5,,"15,70166",,,,
"3s2.3p5.(2P*<3/2>).16d","2[1/2]*","1",3,,"15,70278",,,,
"3s2.3p5.(2P*<3/2>).16d","2[3/2]*","1",3,,"15,70533",,,,
"3s2.3p5.(2P*<3/2>).18s","2[3/2]*","1",3,,"15,70562",,,,
"3s2.3p5.(2P*<3/2>).16f","2[3/2]","2",5,,"15,70638",,,,
"3s2.3p5.(2P*<3/2>).16f","2[5/2]","2",5,,"15,70638",,,,
"3s2.3p5.(2P*<3/2>).17d","2[1/2]*","1",3,,"15,70897",,,,
"3s2.3p5.(2P*<3/2>).17d","2[3/2]*","1",3,,"15,71130",,,,
"3s2.3p5.(2P*<3/2>).19s","2[3/2]*","1",3,,"15,71184",,,,
"3s2.3p5.(2P*<3/2>).17f","2[3/2]","2",5,,"15,71255",,,,
"3s2.3p5.(2P*<3/2>).17f","2[5/2]","2",5,,"15,71255",,,,
"3s2.3p5.(2P*<1/2>).8d","2[3/2]*","1",3,,"15,71347",,,,
"3s2.3p5.(2P*<1/2>).10s","2[1/2]*","1",3,,"15,71605",,,,
"3s2.3p5.(2P*<3/2>).18d","2[1/2]*","1",3,,"15,71682",,,,
"3s2.3p5.(2P*<3/2>).20s","2[3/2]*","1",3,,"15,71727",,,,
"3s2.3p5.(2P*<3/2>).18d","2[3/2]*","1",3,,"15,71754",,,,
"3s2.3p5.(2P*<3/2>).19d","2[1/2]*","1",3,,"15,72035",,,,
"3s2.3p5.(2P*<3/2>).21s","2[3/2]*","1",3,,"15,72148",,,,
"3s2.3p5.(2P*<3/2>).19d","2[3/2]*","1",3,,"15,72159",,,,
"3s2.3p5.(2P*<3/2>).20d","2[1/2]*","1",3,,"15,72415",,,,
"3s2.3p5.(2P*<3/2>).22s","2[3/2]*","1",3,,"15,72526",,,,
"3s2.3p5.(2P*<3/2>).20d","2[3/2]*","1",3,,"15,72526",,,,
"3s2.3p5.(2P*<3/2>).21d","2[1/2]*","1",3,,"15,72747",,,,
"3s2.3p5.(2P*<3/2>).21d","2[3/2]*","1",3,,"15,72845",,,,
"3s2.3p5.(2P*<3/2>).22d","2[1/2]*","1",3,,"15,73035",,,,
"3s2.3p5.(2P*<3/2>).22d","2[3/2]*","1",3,,"15,73121",,,,
"3s2.3p5.(2P*<3/2>).23d","2[1/2]*","1",3,,"15,73285",,,,
"3s2.3p5.(2P*<3/2>).23d","2[3/2]*","1",3,,"15,73364",,,,
"3s2.3p5.(2P*<3/2>).24d","2[1/2]*","1",3,,"15,73507",,,,
"3s2.3p5.(2P*<3/2>).24d","2[3/2]*","1",3,,"15,73576",,,,
"3s2.3p5.(2P*<3/2>).25d","2[1/2]*","1",3,,"15,73703",,,,
"3s2.3p5.(2P*<3/2>).25d","2[3/2]*","1",3,,"15,73765",,,,
"3s2.3p5.(2P*<3/2>).26d","2[1/2]*","1",3,,"15,73876",,,,
"3s2.3p5.(2P*<3/2>).26d","2[3/2]*","1",3,,"15,73931",,,,
"3s2.3p5.(2P*<3/2>).27d","2[1/2]*","1",3,,"15,74028",,,,
"3s2.3p5.(2P*<3/2>).27d","2[3/2]*","1",3,,"15,74080",,,,
"3s2.3p5.(2P*<3/2>).28d","2[1/2]*","1",3,,"15,74165",,,,
"3s2.3p5.(2P*<3/2>).28d","2[3/2]*","1",3,,"15,74212",,,,
"3s2.3p5.(2P*<3/2>).29d","2[1/2]*","1",3,,"15,74289",,,,
"3s2.3p5.(2P*<3/2>).29d","2[3/2]*","1",3,,"15,74333",,,,
"3s2.3p5.(2P*<3/2>).30d","2[1/2]*","1",3,,"15,74401",,,,
"3s2.3p5.(2P*<3/2>).30d","2[3/2]*","1",3,,"15,74438",,,,
"3s2.3p5.(2P*<3/2>).31d","2[1/2]*","1",3,,"15,74503",,,,
"3s2.3p5.(2P*<3/2>).31d","2[3/2]*","1",3,,"15,74535",,,,
"3s2.3p5.(2P*<3/2>).32d","2[1/2]*","1",3,,"15,74596",,,,
"3s2.3p5.(2P*<3/2>).32d","2[3/2]*","1",3,,"15,74624",,,,
"3s2.3p5.(2P*<3/2>).33d","2[1/2]*","1",3,,"15,74680",,,,
"3s2.3p5.(2P*<3/2>).33d","2[3/2]*","1",3,,"15,74703",,,,
"3s2.3p5.(2P*<3/2>).34d","2[1/2]*","1",3,,"15,74757",,,,
"3s2.3p5.(2P*<3/2>).34d","2[3/2]*","1",3,,"15,74778",,,,
"3s2.3p5.(2P*<3/2>).35d","2[3/2]*","1",3,,"15,74844",,,,
"3s2.3p5.(2P*<3/2>).36d","2[3/2]*","1",3,,"15,74906",,,,
"3s2.3p5.(2P*<3/2>).37d","2[3/2]*","1",3,,"15,74963",,,,
"3s2.3p5.(2P*<3/2>).38d","2[3/2]*","1",3,,"15,75015",,,,
"3s2.3p5.(2P*<3/2>).39d","2[3/2]*","1",3,,"15,75062",,,,
"3s2.3p5.(2P*<3/2>).40d","2[3/2]*","1",3,,"15,75108",,,,
"3s2.3p5.(2P*<3/2>).41d","2[3/2]*","1",3,,"15,75147",,,,
"3s2.3p5.(2P*<3/2>).42d","2[3/2]*","1",3,,"15,75191",,,,
"3s2.3p5.(2P*<3/2>).43d","2[3/2]*","1",3,,"15,75223",,,,
"3s2.3p5.(2P*<3/2>).44d","2[3/2]*","1",3,,"15,75254",,,,
"3s2.3p5.(2P*<3/2>).45d","2[3/2]*","1",3,,"15,75287",,,,
"3s2.3p5.(2P*<3/2>).46d","2[3/2]*","1",3,,"15,75315",,,,
"3s2.3p5.(2P*<3/2>).47d","2[3/2]*","1",3,,"15,75342",,,,
"3s2.3p5.(2P*<3/2>).48d","2[3/2]*","1",3,,"15,75368",,,,
"3s2.3p5.(2P*<3/2>).49d","2[3/2]*","1",3,,"15,75392",,,,
"3s2.3p5.(2P*<3/2>).50d","2[3/2]*","1",3,,"15,75414",,,,
"3s2.3p5.(2P*<3/2>).51d","2[3/2]*","1",3,,"15,75435",,,,
"3s2.3p5.(2P*<3/2>).52d","2[3/2]*","1",3,,"15,75457",,,,
"3s2.3p5.(2P*<3/2>).53d","2[3/2]*","1",3,,"15,75475",,,,
"3s2.3p5.(2P*<3/2>).54d","2[3/2]*","1",3,,"15,75492",,,,
"3s2.3p5.(2P*<3/2>).55d","2[3/2]*","1",3,,"15,75509",,,,
"3s2.3p5.(2P*<3/2>).56d","2[3/2]*","1",3,,"15,75528",,,,
"3s2.3p5.(2P*<3/2>).57d","2[3/2]*","1",3,,"15,75544",,,,
"3s2.3p5.(2P*<3/2>).58d","2[3/2]*","1",3,,"15,75558",,,,
"Ar II (3p5 2P*<3/2>)","Limit","---",,,"15,7596119",,"0,0000005",,"L9217"
"3s2.3p5.(2P*<1/2>).9d","2[3/2]*","1",3,,"15,7622",,,,
"3s2.3p5.(2P*<1/2>).11s","2[1/2]*","1",3,,"15,76392",,,,
"3s2.3p5.(2P*<1/2>).10d","2[3/2]*","1",3,,"15,7961",,,,
"3s2.3p5.(2P*<1/2>).12s","2[1/2]*","1",3,,"15,79729",,,,
"3s2.3p5.(2P*<1/2>).11d","2[3/2]*","1",3,,"15,8210",,,,
"3s2.3p5.(2P*<1/2>).13s","2[1/2]*","1",3,,"15,82185",,,,
"3s2.3p5.(2P*<1/2>).12d","2[3/2]*","1",3,,"15,8397",,,,
"3s2.3p5.(2P*<1/2>).14s","2[1/2]*","1",3,,"15,84047",,,,
"3s2.3p5.(2P*<1/2>).13d","2[3/2]*","1",3,,"15,8544",,,,
"3s2.3p5.(2P*<1/2>).15s","2[1/2]*","1",3,,"15,85491",,,,
"3s2.3p5.(2P*<1/2>).14d","2[3/2]*","1",3,,"15,8659",,,,
"3s2.3p5.(2P*<1/2>).16s","2[1/2]*","1",3,,"15,86638",,,,
"3s2.3p5.(2P*<1/2>).15d","2[3/2]*","1",3,,"15,8752",,,,
"3s2.3p5.(2P*<1/2>).17s","2[1/2]*","1",3,,"15,87556",,,,
"3s2.3p5.(2P*<1/2>).16d","2[3/2]*","1",3,,"15,8827",,,,
"3s2.3p5.(2P*<1/2>).18s","2[1/2]*","1",3,,"15,88307",,,,
"3s2.3p5.(2P*<1/2>).17d","2[3/2]*","1",3,,"15,8891",,,,
"3s2.3p5.(2P*<1/2>).19s","2[1/2]*","1",3,,"15,88929",,,,
"3s2.3p5.(2P*<1/2>).18d","2[3/2]*","1",3,,"15,8943",,,,
"3s2.3p5.(2P*<1/2>).20s","2[1/2]*","1",3,,"15,89451",,,,
"3s2.3p5.(2P*<1/2>).19d","2[3/2]*","1",3,,"15,8987",,,,
"3s2.3p5.(2P*<1/2>).21s","2[1/2]*","1",3,,"15,89892",,,,
"3s2.3p5.(2P*<1/2>).20d","2[3/2]*","1",3,,"15,9025",,,,
"3s2.3p5.(2P*<1/2>).22s","2[1/2]*","1",3,,"15,90265",,,,
"3s2.3p5.(2P*<1/2>).21d","2[3/2]*","1",3,,"15,9058",,,,
"3s2.3p5.(2P*<1/2>).23s","2[1/2]*","1",3,,"15,90588",,,,
"3s2.3p5.(2P*<1/2>).24s","2[1/2]*","1",3,,"15,90867",,,,
"3s2.3p5.(2P*<1/2>).25s","2[1/2]*","1",3,,"15,91112",,,,
"3s2.3p5.(2P*<1/2>).26s","2[1/2]*","1",3,,"15,91325",,,,
"3s2.3p5.(2P*<1/2>).27s","2[1/2]*","1",3,,"15,91512",,,,
"3s2.3p5.(2P*<1/2>).28s","2[1/2]*","1",3,,"15,91679",,,,
"3s2.3p5.(2P*<1/2>).29s","2[1/2]*","1",3,,"15,91828",,,,
"3s2.3p5.(2P*<1/2>).30s","2[1/2]*","1",3,,"15,91962",,,,
"3s2.3p5.(2P*<1/2>).31s","2[1/2]*","1",3,,"15,92081",,,,
"3s2.3p5.(2P*<1/2>).32s","2[1/2]*","1",3,,"15,92189",,,,
"3s2.3p5.(2P*<1/2>).33s","2[1/2]*","1",3,,"15,92286",,,,
"3s2.3p5.(2P*<1/2>).34s","2[1/2]*","1",3,,"15,92375",,,,
"3s2.3p5.(2P*<1/2>).35s","2[1/2]*","1",3,,"15,92457",,,,
"3s2.3p5.(2P*<1/2>).36s","2[1/2]*","1",3,,"15,92529",,,,
"3s2.3p5.(2P*<1/2>).37s","2[1/2]*","1",3,,"15,92596",,,,
"3s2.3p5.(2P*<1/2>).38s","2[1/2]*","1",3,,"15,92658",,,,
"3s2.3p5.(2P*<1/2>).39s","2[1/2]*","1",3,,"15,92713",,,,
"3s2.3p5.(2P*<1/2>).40s","2[1/2]*","1",3,,"15,92768",,,,
"3s2.3p5.(2P*<1/2>).41s","2[1/2]*","1",3,,"15,92816",,,,
"3s2.3p5.(2P*<1/2>).42s","2[1/2]*","1",3,,"15,92858",,,,
"3s2.3p5.(2P*<1/2>).43s","2[1/2]*","1",3,,"15,92902",,,,
"3s2.3p5.(2P*<1/2>).44s","2[1/2]*","1",3,,"15,92942",,,,
"3s2.3p5.(2P*<1/2>).45s","2[1/2]*","1",3,,"15,92974",,,,
"3s2.3p5.(2P*<1/2>).46s","2[1/2]*","1",3,,"15,93008",,,,
"3s2.3p5.(2P*<1/2>).47s","2[1/2]*","1",3,,"15,93042",,,,
"3s2.3p5.(2P*<1/2>).48s","2[1/2]*","1",3,,"15,93068",,,,
"3s2.3p5.(2P*<1/2>).49s","2[1/2]*","1",3,,"15,93095",,,,
"3s2.3p5.(2P*<1/2>).50s","2[1/2]*","1",3,,"15,93121",,,,
"3s2.3p5.(2P*<1/2>).51s","2[1/2]*","1",3,,"15,93141",,,,
"3s2.3p5.(2P*<1/2>).52s","2[1/2]*","1",3,,"15,93168",,,,
"3s.3p6.4p","1P*","1",3,,"26,615761",,,,
"3s.3p6.5p","1P*","1",3,,"27,996757",,,,
"3s.3p6.6p","1P*","1",3,,"28,510223",,,,
"3s.3p6.7p","1P*","1",3,,"28,759429",,,,
"3s.3p6.8p","1P*","1",3,,"28,899735",,,,
"3s.3p6.9p","1P*","1",3,,"28,986014",,,,
"3s.3p6.10p","1P*","1",3,,"29,043525",,,,
"3s.3p6.11p","1P*","1",3,,"29,083040",,,,
"3s.3p6.12p","1P*","1",3,,"29,111858",,,,
"3s.3p6.13p","1P*","1",3,,"29,133199",,,,
"3s.3p6.14p","1P*","1",3,,"29,150118",,,,
"3s.3p6.15p","1P*","1",3,,"29,162940",,,,
"3s.3p6.16p","1P*","1",3,,"29,173233",,,,
"3s.3p6.17p","1P*","1",3,,"29,181678",,,,
"3s.3p6.18p","1P*","1",3,,"29,188618",,,,
"3s.3p6.19p","1P*","1",3,,"29,194253",,,,
"3s.3p6.20p","1P*","1",3,,"29,198998",,,,
"3s.3p6.21p","1P*","1",3,,"29,203124",,,,
"3s.3p6.22p","1P*","1",3,,"29,206563",,,,
"3s.3p6.23p","1P*","1",3,,"29,209591",,,,
"3s.3p6.24p","1P*","1",3,,"29,212206",,,,
"3s.3p6.25p","1P*","1",3,,"29,214547",,,,
